INSERT INTO TABLA_DE_CLIENTES (DNI, NOMBRE, DIRECCION_1, DIRECCION_2, BARRIO, CIUDAD, ESTADO, CP, FECHA_DE_NACIMIENTO, EDAD, SEXO, LIMITE_DE_CREDITO, VOLUMEN_DE_COMPRA, PRIMERA_COMPRA)
VALUES
('11122334455', 'Marcelo González', 'Av. Las Palmas 123', '', 'Rincón', 'San Juan', 'PR', '00901', '1980-03-15', 44, 'M', 5000.00, 12000.00, 1),
('22233445566', 'Laura Fernández', 'Calle Bella Vista 456', 'Apt 3B', 'Centro', 'Barcelona', 'ES', '08001', '1992-07-30', 32, 'F', 3000.00, 8000.00, 0),
('33344556677', 'José López', 'Plaza Mayor 789', '', 'Centro', 'Buenos Aires', 'AR', '1001', '1975-11-05', 48, 'M', 4500.00, 10000.00, 1),
('44455667788', 'Ana María Gómez', 'Calle Del Sol 321', 'Piso 1', 'Zona Norte', 'México DF', 'MX', '01000', '1985-05-22', 39, 'F', 5500.00, 15000.00, 0),
('55566778899', 'Carlos Ramírez', 'Avenida Libertad 654', '', 'Sur', 'Montevideo', 'UY', '11000', '1990-12-01', 33, 'M', 4000.00, 9500.00, 1),
('66677889900', 'Beatriz Martínez', 'Calle Nueva 987', '', 'Este', 'Lima', 'PE', '15000', '1988-09-19', 36, 'F', 3500.00, 7000.00, 0),
('77788990011', 'Luis Vargas', 'Calle del Viento 159', 'Apt 2A', 'Oeste', 'Quito', 'EC', '17000', '1977-04-10', 47, 'M', 6000.00, 13000.00, 1),
('88899001122', 'Sofia Delgado', 'Av. de los Olivos 258', '', 'Noroeste', 'Bogotá', 'CO', '110111', '1995-01-23', 29, 'F', 2000.00, 6000.00, 0),
('99900112233', 'Ricardo Pérez', 'Calle del Río 741', '', 'Suroeste', 'Santiago', 'CL', '8320000', '1982-06-14', 42, 'M', 7000.00, 17000.00, 1),
('10111223344', 'Verónica Silva', 'Calle de la Luna 852', 'Apt 3C', 'Este', 'Asunción', 'PY', '1200', '1989-10-05', 35, 'F', 5500.00, 12000.00, 0),
('11122334456', 'Diego Rodríguez', 'Av. del Mar 963', '', 'Centro', 'La Paz', 'BO', '1010', '1981-08-30', 42, 'M', 3000.00, 7000.00, 1),
('12133445567', 'Gabriela Castro', 'Calle de las Flores 147', 'Piso 5', 'Norte', 'Guayaquil', 'EC', '09000', '1993-04-12', 31, 'F', 4000.00, 8000.00, 0),
('13144556678', 'Jorge Ruiz', 'Avenida Central 258', '', 'Sur', 'San Salvador', 'SV', '11101', '1986-11-20', 37, 'M', 5000.00, 10000.00, 1),
('14155667789', 'Carla Morales', 'Calle de la Paz 369', '', 'Este', 'San José', 'CR', '10101', '1991-02-28', 33, 'F', 3500.00, 9500.00, 0),
('15166778890', 'Raúl Gómez', 'Calle de la Montaña 852', '', 'Oeste', 'Managua', 'NI', '14001', '1984-07-25', 40, 'M', 6000.00, 12000.00, 1),
('16177889901', 'María Fernández', 'Av. de los Pinos 963', '', 'Centro', 'Tegucigalpa', 'HN', '11102', '1992-12-05', 31, 'F', 2500.00, 7000.00, 0),
('17188990012', 'Héctor Martínez', 'Calle de las Estrellas 741', 'Apt 2B', 'Noroeste', 'Ciudad de Panamá', 'PA', '0815', '1987-09-15', 37, 'M', 7000.00, 14000.00, 1),
('18199001123', 'Nadia Pérez', 'Calle del Sol 258', '', 'Sur', 'Hermosillo', 'MX', '83200', '1994-01-10', 30, 'F', 4000.00, 8500.00, 0),
('19200112234', 'Luis Herrera', 'Av. de la República 963', '', 'Oeste', 'Maracaibo', 'VE', '4001', '1983-03-20', 41, 'M', 5000.00, 9500.00, 1),
('20211223345', 'Alejandra Martínez', 'Calle del Viento 852', 'Piso 4A', 'Noroeste', 'Tijuana', 'MX', '22000', '1985-08-11', 39, 'F', 3000.00, 7000.00, 0),
('21222334456', 'Iván González', 'Calle de los Sueños 741', '', 'Sur', 'Lima', 'PE', '15001', '1990-05-10', 34, 'M', 6000.00, 12000.00, 1),
('22233445567', 'Cristina López', 'Calle del Mar 963', 'Piso 5B', 'Este', 'Quito', 'EC', '17001', '1988-11-25', 35, 'F', 3500.00, 9000.00, 0),
('23244556678', 'José Antonio Ruiz', 'Calle del Parque 852', '', 'Centro', 'Medellín', 'CO', '05000', '1982-09-07', 42, 'M', 5000.00, 13000.00, 1),
('24255667789', 'Ana Belén Fernández', 'Av. de los Cedros 963', '', 'Norte', 'Buenos Aires', 'AR', '1002', '1991-04-22', 33, 'F', 3000.00, 8000.00, 0),
('25266778890', 'Hugo Martínez', 'Calle del Reloj 741', '', 'Oeste', 'San Salvador', 'SV', '11102', '1984-06-13', 40, 'M', 6000.00, 14000.00, 1),
('26277889901', 'Mariana Castro', 'Calle de la Luna 258', '', 'Sur', 'Quito', 'EC', '17001', '1992-10-08', 32, 'F', 4000.00, 9500.00, 0);

INSERT INTO TABLA_DE_PRODUCTOS (CODIGO_DEL_PRODUCTO, NOMBRE_DEL_PRODUCTO, TAMANO, SABOR, ENVASE, PRECIO_DE_LISTA)
VALUES
('P0100', 'Pan de Centeno', '600g', 'Centeno', 'Paquete', 2.50),
('P0101', 'Yogur Natural', '500g', 'Natural', 'Tarro', 1.80),
('P0102', 'Pasta Integral', '500g', 'Integral', 'Paquete', 1.70),
('P0103', 'Aceitunas Verdes', '350g', 'Verde', 'Lata', 3.20),
('P0104', 'Jugo de Naranja', '1L', 'Naranja', 'Botella', 2.00),
('P0105', 'Leche Descremada', '1L', 'Descremada', 'Tetrapack', 1.90),
('P0106', 'Arroz Integral', '1kg', 'Integral', 'Paquete', 2.00),
('P0107', 'Galletas de Avena', '200g', 'Avena', 'Caja', 2.30),
('P0108', 'Salsa de Tomate', '500g', 'Tomate', 'Botella', 2.50),
('P0109', 'Mantequilla', '250g', 'Sin Sal', 'Caja', 3.00),
('P0110', 'Cereal Integral', '500g', 'Integral', 'Caja', 3.50),
('P0111', 'Café Molido', '250g', 'Arábica', 'Paquete', 4.00),
('P0112', 'Té Verde', '20 bolsitas', 'Verde', 'Caja', 3.00),
('P0113', 'Frutos Secos', '200g', 'Mixto', 'Paquete', 5.00),
('P0114', 'Jabón de Manos', '300ml', 'Aloe', 'Botella', 2.50),
('P0115', 'Detergente Líquido', '1L', 'Neutro', 'Botella', 4.00),
('P0116', 'Toallas de Papel', '6 rollos', 'Blanco', 'Paquete', 3.50),
('P0117', 'Papel Higiénico', '12 rollos', 'Blanco', 'Paquete', 4.50),
('P0118', 'Limpiador Multiusos', '500ml', 'Citrus', 'Botella', 2.80),
('P0119', 'Cloro', '1L', 'Cloro', 'Botella', 2.20),
('P0120', 'Desinfectante', '500ml', 'Lavanda', 'Botella', 3.20),
('P0121', 'Aceite de Oliva', '750ml', 'Extra Virgen', 'Botella', 5.00),
('P0122', 'Vinagre Balsámico', '500ml', 'Balsámico', 'Botella', 4.00),
('P0123', 'Cacao en Polvo', '200g', 'Puro', 'Paquete', 3.50),
('P0124', 'Galletas de Chocolate', '150g', 'Chocolate', 'Caja', 2.70),
('P0125', 'Pan Integral', '400g', 'Integral', 'Paquete', 2.20);

INSERT INTO TABLA_DE_VENDEDORES (MATRICULA, NOMBRE, PORCENTAJE_COMISION, FECHA_ADMISION, VACACIONES, BARRIO)
VALUES
('V001', 'Pedro Martínez', 5.0, '2020-01-15', 0, 'Centro'),
('V002', 'Ana Torres', 4.5, '2019-06-20', 1, 'Norte'),
('V003', 'Luis Gómez', 6.0, '2021-03-10', 0, 'Sur'),
('V004', 'Sofia Ruiz', 4.0, '2018-11-05', 1, 'Oeste'),
('V005', 'Carlos Pérez', 5.5, '2022-02-25', 0, 'Este'),
('V006', 'Laura López', 4.8, '2021-08-30', 0, 'Centro'),
('V007', 'Andrés Fernández', 5.2, '2020-07-15', 1, 'Norte'),
('V008', 'María González', 4.6, '2019-04-10', 0, 'Sur'),
('V009', 'Roberto Sánchez', 5.0, '2021-09-20', 1, 'Oeste'),
('V010', 'Patricia Morales', 5.3, '2022-01-12', 0, 'Este'),
('V011', 'Javier Ortega', 5.0, '2018-12-15', 1, 'Centro'),
('V012', 'Isabel Martínez', 4.7, '2020-06-01', 0, 'Norte'),
('V013', 'Ricardo López', 5.4, '2021-07-22', 0, 'Sur'),
('V014', 'Laura Jiménez', 4.9, '2019-03-05', 1, 'Oeste'),
('V015', 'Fernando García', 5.1, '2022-05-15', 0, 'Este'),
('V016', 'Natalia Castro', 4.8, '2021-10-10', 1, 'Centro'),
('V017', 'Felipe Díaz', 5.2, '2020-11-01', 0, 'Norte'),
('V018', 'Mariana Rodríguez', 4.9, '2019-07-12', 0, 'Sur'),
('V019', 'David Martínez', 5.0, '2022-03-05', 1, 'Oeste'),
('V020', 'Camila Hernández', 5.1, '2021-06-22', 0, 'Este'),
('V021', 'Juan Torres', 5.3, '2020-09-10', 1, 'Centro'),
('V022', 'Gabriela Pérez', 4.7, '2019-05-20', 0, 'Norte'),
('V023', 'Alejandro Morales', 5.4, '2021-12-30', 0, 'Sur'),
('V024', 'Carmen Díaz', 4.8, '2018-08-01', 1, 'Oeste'),
('V025', 'Daniela López', 5.0, '2022-04-15', 0, 'Este');

INSERT INTO FACTURAS (DNI, MATRICULA, FECHA_VENTA, NUMERO, IMPUESTO)
VALUES
('12345678901', 'V001', '2024-09-01', 1, 5.00),
('23456789012', 'V002', '2024-09-02', 2, 4.50),
('34567890123', 'V003', '2024-09-03', 3, 6.00),
('45678901234', 'V004', '2024-09-04', 4, 4.00),
('56789012345', 'V005', '2024-09-05', 5, 7.00),
('67890123456', 'V006', '2024-09-06', 6, 4.80),
('78901234567', 'V007', '2024-09-07', 7, 5.20),
('89012345678', 'V008', '2024-09-08', 8, 4.60),
('90123456789', 'V009', '2024-09-09', 9, 5.00),
('01234567890', 'V010', '2024-09-10', 10, 5.30),
('12345098765', 'V011', '2024-09-11', 11, 4.70),
('23456109876', 'V012', '2024-09-12', 12, 5.40),
('34567210987', 'V013', '2024-09-13', 13, 4.90),
('45678321098', 'V014', '2024-09-14', 14, 5.10),
('56789432109', 'V015', '2024-09-15', 15, 5.00),
('67890543210', 'V016', '2024-09-16', 16, 5.20),
('78901654321', 'V017', '2024-09-17', 17, 4.80),
('89012765432', 'V018', '2024-09-18', 18, 5.30),
('90123876543', 'V019', '2024-09-19', 19, 5.00),
('01234987654', 'V020', '2024-09-20', 20, 5.40),
('12345098765', 'V021', '2024-09-21', 21, 4.90),
('23456109876', 'V022', '2024-09-22', 22, 5.10),
('34567210987', 'V023', '2024-09-23', 23, 5.20),
('45678321098', 'V024', '2024-09-24', 24, 4.70),
('56789432109', 'V025', '2024-09-25', 25, 5.00);

INSERT INTO ITEMS_FACTURAS (NUMERO, CODIGO_DEL_PRODUCTO, CANTIDAD, PRECIO)
VALUES
(1, 'P0001', 2, 3.50),
(1, 'P0002', 1, 1.20),
(2, 'P0003', 3, 4.00),
(2, 'P0004', 2, 2.50),
(3, 'P0005', 4, 1.80),
(3, 'P0006', 1, 1.00),
(4, 'P0007', 2, 5.00),
(4, 'P0008', 1, 3.80),
(5, 'P0009', 2, 2.20),
(5, 'P0010', 1, 2.00),
(6, 'P0011', 3, 3.00),
(6, 'P0012', 2, 6.00),
(7, 'P0013', 4, 3.20),
(7, 'P0014', 1, 4.50),
(8, 'P0015', 2, 5.50),
(8, 'P0016', 1, 1.50),
(9, 'P0017', 3, 2.00),
(9, 'P0018', 1, 3.00),
(10, 'P0019', 2, 4.00),
(10, 'P0020', 1, 3.50),
(11, 'P0021', 2, 2.20),
(11, 'P0022', 1, 1.00),
(12, 'P0023', 3, 3.40),
(12, 'P0024', 1, 1.30),
(13, 'P0025', 2, 2.50),
(13, 'P0001', 1, 3.50),
(14, 'P0002', 3, 1.20),
(14, 'P0003', 2, 4.00),
(15, 'P0004', 4, 2.50),
(15, 'P0005', 1, 1.80),
(16, 'P0006', 2, 1.00),
(16, 'P0007', 1, 5.00),
(17, 'P0008', 3, 3.80),
(17, 'P0009', 2, 2.20),
(18, 'P0010', 1, 2.00),
(18, 'P0011', 3, 3.00),
(19, 'P0012', 2, 6.00),
(19, 'P0013', 4, 3.20),
(20, 'P0014', 1, 4.50),
(20, 'P0015', 2, 5.50),
(21, 'P0016', 1, 1.50),
(21, 'P0017', 2, 2.00),
(22, 'P0018', 3, 3.00),
(22, 'P0019', 1, 4.00),
(23, 'P0020', 2, 3.50),
(23, 'P0021', 1, 2.20),
(24, 'P0022', 4, 1.00),
(24, 'P0023', 2, 3.40),
(25, 'P0024', 1, 1.30),
(25, 'P0025', 3, 2.50);