USE JUGOS_VENTAS;
INSERT INTO TABLA_DE_CLIENTES (DNI, NOMBRE, DIRECCION_1, DIRECCION_2, BARRIO, CIUDAD, ESTADO, CP, FECHA_DE_NACIMIENTO, EDAD, SEXO, LIMITE_DE_CREDITO, VOLUMEN_DE_COMPRA, PRIMERA_COMPRA) VALUES
('12345678901', 'Ana Martínez', 'Calle Falsa 123', '', 'Centro', 'Ciudad Real', 'CR', '12345', '1985-06-15', 39, 'F', 1000.00, 5000.00, 1),
('23456789012', 'Luis García', 'Avenida Siempre Viva 742', '', 'Norte', 'Madrid', 'M', '28001', '1990-02-20', 34, 'M', 1500.00, 7000.00, 0),
('34567890123', 'Marta López', 'Calle del Sol 45', 'Apt 2B', 'Sur', 'Barcelona', 'B', '08001', '1988-11-25', 35, 'F', 1200.00, 6000.00, 1),
('45678901234', 'Carlos Fernández', 'Calle Luna 7', '', 'Este', 'Valencia', 'V', '46001', '1975-08-30', 48, 'M', 2000.00, 8000.00, 0),
('56789012345', 'Laura Jiménez', 'Calle Estrella 10', '', 'Oeste', 'Sevilla', 'S', '41001', '1992-01-15', 32, 'F', 800.00, 4000.00, 1),
('67890123456', 'José Pérez', 'Paseo Marítimo 15', '', 'Centro', 'Alicante', 'A', '03001', '1980-05-05', 44, 'M', 950.00, 4500.00, 0),
('78901234567', 'Isabel Ramírez', 'Calle Principal 8', 'Piso 1', 'Centro', 'Bilbao', 'BI', '48001', '1987-12-22', 36, 'F', 1100.00, 5500.00, 1),
('89012345678', 'Fernando Ruiz', 'Calle de la Paz 55', '', 'Norte', 'Granada', 'G', '18001', '1995-07-12', 29, 'M', 1050.00, 5200.00, 0),
('90123456789', 'Beatriz Gómez', 'Calle del Álamo 12', '', 'Sur', 'Murcia', 'M', '30001', '1983-04-19', 41, 'F', 1300.00, 6500.00, 1),
('01234567890', 'Antonio Martínez', 'Calle de la Palma 20', '', 'Este', 'Toledo', 'T', '45001', '1994-09-08', 30, 'M', 700.00, 3500.00, 0),
('12345678012', 'Cristina Sánchez', 'Calle del Olmo 33', '', 'Oeste', 'Santander', 'S', '39001', '1986-10-13', 37, 'F', 950.00, 4800.00, 1),
('23456789023', 'Javier Torres', 'Calle de los Pinos 11', '', 'Centro', 'Logroño', 'L', '26001', '1991-03-25', 33, 'M', 1150.00, 5900.00, 0),
('34567890134', 'Raquel Díaz', 'Avenida de los Reyes 5', '', 'Norte', 'Almería', 'A', '04001', '1978-06-10', 46, 'F', 1600.00, 7000.00, 1),
('45678901245', 'Manuel Martínez', 'Calle de la Alegría 14', '', 'Sur', 'Vigo', 'V', '36201', '1982-11-18', 41, 'M', 800.00, 4200.00, 0),
('56789012356', 'Elena Rodríguez', 'Calle del Lago 6', '', 'Este', 'Huelva', 'H', '21001', '1989-05-25', 35, 'F', 900.00, 4700.00, 1),
('67890123467', 'Ricardo Castro', 'Calle del Jardín 22', '', 'Oeste', 'Ourense', 'O', '32001', '1997-07-14', 27, 'M', 600.00, 3000.00, 0),
('78901234578', 'Sofía Morales', 'Calle de los Cedros 44', '', 'Centro', 'Córdoba', 'C', '14001', '1984-02-28', 40, 'F', 1200.00, 5800.00, 1),
('89012345689', 'Óscar Fernández', 'Calle de la Loma 3', '', 'Norte', 'León', 'L', '24001', '1993-12-09', 30, 'M', 850.00, 4000.00, 0),
('90123456790', 'Silvia Morales', 'Calle de las Flores 13', '', 'Sur', 'Soria', 'S', '42001', '1987-08-01', 37, 'F', 1300.00, 6700.00, 1),
('01234567801', 'Rafael Romero', 'Calle del Viento 8', '', 'Este', 'Badajoz', 'B', '06001', '1976-10-10', 48, 'M', 1500.00, 7500.00, 0),
('12345678912', 'Patricia López', 'Calle de la Castaña 9', '', 'Oeste', 'Huesca', 'H', '22001', '1992-04-12', 32, 'F', 1000.00, 4500.00, 1),
('23456789034', 'Julio Álvarez', 'Calle de la Aurora 18', '', 'Centro', 'Burgos', 'B', '09001', '1995-03-20', 29, 'M', 750.00, 3500.00, 0),
('12345678912', 'Ricardo Hernández', 'Calle de la Primavera 3', '', 'Centro', 'Santander', 'S', '39002', '1980-01-25', 44, 'M', 850.00, 4000.00, 1),
('23456789023', 'Patricia Ruiz', 'Avenida del Mar 8', '', 'Norte', 'Vigo', 'V', '36202', '1985-07-14', 39, 'F', 1200.00, 5500.00, 0),
('34567890134', 'Javier Martínez', 'Calle de los Reyes 16', '', 'Sur', 'Málaga', 'M', '29002', '1977-11-30', 46, 'M', 1500.00, 7000.00, 1),
('45678901245', 'Carla Pérez', 'Calle de la Alegría 22', '', 'Este', 'A Coruña', 'C', '15002', '1990-05-22', 34, 'F', 950.00, 4800.00, 0),
('56789012356', 'Antonio Sánchez', 'Calle del Río 5', '', 'Oeste', 'Pamplona', 'P', '31002', '1983-03-10', 41, 'M', 1100.00, 5000.00, 1),
('67890123467', 'Laura Gómez', 'Paseo de la Libertad 18', '', 'Centro', 'Oviedo', 'O', '33002', '1987-06-17', 37, 'F', 1000.00, 4700.00, 0),
('78901234578', 'Francisco Martínez', 'Calle de la Luna 20', '', 'Norte', 'León', 'L', '24002', '1993-04-05', 31, 'M', 850.00, 4200.00, 1),
('89012345689', 'Isabel Ramírez', 'Avenida del Sol 12', '', 'Sur', 'Toledo', 'T', '45002', '1980-12-30', 43, 'F', 1150.00, 6000.00, 0),
('90123456790', 'José Gómez', 'Calle del Viento 10', '', 'Este', 'Granada', 'G', '18002', '1975-09-20', 48, 'M', 1300.00, 6500.00, 1),
('01234567891', 'María Fernández', 'Calle de las Rosas 6', '', 'Oeste', 'Badajoz', 'B', '06002', '1986-02-16', 38, 'F', 1000.00, 4700.00, 0),
('12345678923', 'David Martínez', 'Calle de los Cipreses 9', '', 'Centro', 'Jaén', 'J', '23002', '1989-08-25', 35, 'M', 950.00, 4300.00, 1),
('23456789034', 'Teresa López', 'Avenida de la Paz 13', '', 'Norte', 'Murcia', 'M', '30002', '1984-07-11', 40, 'F', 1200.00, 5400.00, 0),
('34567890145', 'Manuel Ruiz', 'Calle del Cedro 4', '', 'Sur', 'Salamanca', 'S', '37002', '1991-03-30', 33, 'M', 850.00, 4100.00, 1),
('45678901256', 'Ana López', 'Calle del Viento 8', '', 'Este', 'Albacete', 'A', '02002', '1987-10-19', 36, 'F', 1000.00, 4600.00, 0),
('56789012367', 'Pedro Gómez', 'Calle del Arco 12', '', 'Oeste', 'Huesca', 'H', '22002', '1992-04-07', 32, 'M', 950.00, 4300.00, 1),
('67890123478', 'Cristina Fernández', 'Calle del Jazmín 5', '', 'Centro', 'Logroño', 'L', '26002', '1981-11-20', 42, 'F', 1150.00, 5200.00, 0),
('78901234589', 'Luis Gómez', 'Calle del Nogal 3', '', 'Norte', 'La Rioja', 'R', '26003', '1985-06-13', 39, 'M', 1050.00, 4700.00, 1),
('89012345690', 'Sandra Ramírez', 'Avenida de la Sierra 10', '', 'Sur', 'Almería', 'A', '04002', '1993-12-04', 30, 'F', 950.00, 4400.00, 0),
('90123456701', 'Carlos Fernández', 'Calle del Valle 2', '', 'Este', 'Soria', 'S', '42002', '1988-08-11', 35, 'M', 1100.00, 5500.00, 1),
('01234567892', 'Marta Ruiz', 'Calle del Sol 7', '', 'Oeste', 'Burgos', 'B', '09002', '1991-03-21', 33, 'F', 1200.00, 5800.00, 0),
('12345678934', 'José Fernández', 'Calle de los Álamos 15', '', 'Centro', 'Segovia', 'S', '40002', '1984-12-28', 39, 'M', 950.00, 4600.00, 1),
('23456789045', 'Elena Martínez', 'Avenida de los Pinos 8', '', 'Norte', 'Teruel', 'T', '44002', '1982-11-05', 41, 'F', 1000.00, 4500.00, 0),
('34567890156', 'Francisco Rodríguez', 'Calle de la Estrella 12', '', 'Sur', 'Ciudad Real', 'CR', '13002', '1994-02-17', 30, 'M', 1050.00, 4700.00, 1),
('45678901267', 'Patricia Gómez', 'Calle de los Nogales 20', '', 'Este', 'Zaragoza', 'Z', '50002', '1986-09-30', 37, 'F', 1100.00, 4900.00, 0),
('56789012378', 'Luis Fernández', 'Calle del Roble 6', '', 'Oeste', 'Cuenca', 'C', '16002', '1983-05-22', 41, 'M', 1150.00, 5100.00, 1),
('67890123489', 'Ángeles Ruiz', 'Avenida de la Palma 10', '', 'Centro', 'Gijón', 'G', '33202', '1990-06-10', 34, 'F', 1200.00, 5200.00, 0),
('78901234590', 'Ricardo Pérez', 'Calle del Sauce 11', '', 'Norte', 'Valladolid', 'V', '47002', '1988-01-08', 36, 'M', 1050.00, 4800.00, 1),
('89012345691', 'Ana Fernández', 'Calle de los Pinos 13', '', 'Sur', 'Huelva', 'H', '21003', '1995-07-19', 29, 'F', 950.00, 4300.00, 0),
('90123456712', 'Manuel Sánchez', 'Calle de la Orquídea 8', '', 'Este', 'Alicante', 'A', '03002', '1989-10-16', 34, 'M', 1100.00, 5000.00, 1),
('01234567893', 'Julia Martínez', 'Calle de la Nuez 12', '', 'Oeste', 'Jaén', 'J', '23003', '1981-04-15', 43, 'F', 1150.00);


INSERT INTO TABLA_DE_PRODUCTOS (CODIGO_DEL_PRODUCTO, NOMBRE_DEL_PRODUCTO, TAMANO, SABOR, ENVASE, PRECIO_DE_LISTA) VALUES
('P0001', 'Producto A', '500ml', 'Fresa', 'Botella', 10.00),
('P0002', 'Producto B', '1L', 'Manzana', 'Botella', 12.50),
('P0003', 'Producto C', '250ml', 'Naranja', 'Lata', 8.00),
('P0004', 'Producto D', '500ml', 'Limón', 'Botella', 9.50),
('P0005', 'Producto E', '1L', 'Piña', 'Lata', 11.00),
('P0006', 'Producto F', '500ml', 'Mango', 'Botella', 13.00),
('P0007', 'Producto G', '1L', 'Uva', 'Botella', 14.00),
('P0008', 'Producto H', '250ml', 'Cereza', 'Lata', 7.50),
('P0009', 'Producto I', '500ml', 'Durazno', 'Botella', 12.00),
('P0010', 'Producto J', '1L', 'Arándano', 'Lata', 15.00),
('P0011', 'Producto K', '250ml', 'Coco', 'Botella', 8.50),
('P0012', 'Producto L', '500ml', 'Melón', 'Lata', 10.00),
('P0013', 'Producto M', '1L', 'Mora', 'Botella', 11.50),
('P0014', 'Producto N', '500ml', 'Papaya', 'Botella', 12.00),
('P0015', 'Producto O', '1L', 'Kiwi', 'Lata', 13.50),
('P0016', 'Producto P', '250ml', 'Guayaba', 'Botella', 7.00),
('P0017', 'Producto Q', '500ml', 'Cantalupo', 'Lata', 9.00),
('P0018', 'Producto R', '1L', 'Granada', 'Botella', 14.50),
('P0019', 'Producto S', '250ml', 'Frambuesa', 'Botella', 7.75),
('P0020', 'Producto T', '500ml', 'Nuez', 'Lata', 10.50),
('P0021', 'Jugo de Cítricos Mix', '500ml', 'Cítricos', 'Botella', 10.75),
('P0022', 'Refresco de Frutos Rojos', '1L', 'Frutos Rojos', 'Lata', 12.25),
('P0023', 'Néctar de Pera', '250ml', 'Pera', 'Botella', 8.75),
('P0024', 'Limonada de Cereza', '500ml', 'Cereza', 'Lata', 9.20),
('P0025', 'Soda de Melocotón', '1L', 'Melocotón', 'Botella', 11.50),
('P0026', 'Bebida de Frambuesa', '250ml', 'Frambuesa', 'Lata', 7.90),
('P0027', 'Energizante de Guaraná', '500ml', 'Guaraná', 'Botella', 12.00),
('P0028', 'Tamarindo Refrescante', '1L', 'Tamarindo', 'Lata', 14.00),
('P0029', 'Néctar de Granada', '250ml', 'Granada', 'Botella', 8.50),
('P0030', 'Bebida de Papaya', '500ml', 'Papaya', 'Lata', 10.20),
('P0031', 'Infusión de Hibisco', '1L', 'Hibisco', 'Botella', 13.00),
('P0032', 'Refresco de Mango', '250ml', 'Mango', 'Lata', 9.30),
('P0033', 'Jugo de Arándano', '500ml', 'Arándano', 'Botella', 11.00),
('P0034', 'Soda de Lima', '1L', 'Lima', 'Lata', 12.50),
('P0035', 'Néctar de Uva', '250ml', 'Uva', 'Botella', 7.60),
('P0036', 'Cóctel de Piña Colada', '500ml', 'Piña Colada', 'Lata', 10.75),
('P0037', 'Té de Hortensia', '1L', 'Hortensia', 'Botella', 14.50),
('P0038', 'Limonada de Melón', '250ml', 'Melón', 'Lata', 8.90),
('P0039', 'Jugo de Naranja Sanguina', '500ml', 'Naranja Sanguina', 'Botella', 11.20),
('P0040', 'Refresco de Coco', '1L', 'Coco', 'Lata', 12.75),
('P0041', 'Néctar de Mora', '250ml', 'Mora', 'Botella', 7.85),
('P0042', 'Bebida de Frutos del Bosque', '500ml', 'Frutos del Bosque', 'Lata', 11.50),
('P0043', 'Infusión de Kiwis', '1L', 'Kiwis', 'Botella', 13.25),
('P0044', 'Néctar de Papaya', '250ml', 'Papaya', 'Lata', 8.00),
('P0045', 'Bebida de Limón Verde', '500ml', 'Limón Verde', 'Botella', 9.60),
('P0046', 'Limonada de Cereza Dulce', '1L', 'Cereza Dulce', 'Lata', 12.00),
('P0047', 'Néctar de Nuez', '250ml', 'Nuez', 'Botella', 8.30),
('P0048', 'Cóctel de Melocotón con Miel', '500ml', 'Melocotón con Miel', 'Lata', 10.90),
('P0049', 'Soda de Naranja con Menta', '1L', 'Naranja con Menta', 'Botella', 13.00),
('P0050', 'Refresco de Cítricos Mezclados', '250ml', 'Cítricos Mezclados', 'Lata', 7.70);

INSERT INTO TABLA_DE_VENDEDORES (MATRICULA, NOMBRE, PORCENTAJE_COMISION, FECHA_ADMISION, VACACIONES, BARRIO) VALUES
('V001', 'Juan López', 5.0, '2020-01-10', 0, 'Centro'),
('V002', 'Ana Martínez', 7.5, '2019-03-15', 1, 'Norte'),
('V003', 'Luis Gómez', 6.0, '2021-07-22', 0, 'Sur'),
('V004', 'María Fernández', 8.0, '2018-11-03', 1, 'Este'),
('V005', 'Carlos Sánchez', 5.5, '2022-04-17', 0, 'Oeste'),
('V006', 'Beatriz Rodríguez', 6.5, '2017-09-12', 0, 'Centro'),
('V007', 'Miguel Ruiz', 7.0, '2021-05-25', 1, 'Norte'),
('V008', 'Laura Martínez', 5.8, '2020-12-09', 0, 'Sur'),
('V009', 'David Gómez', 6.2, '2019-06-13', 1, 'Este'),
('V010', 'Cristina Fernández', 7.3, '2022-01-20', 0, 'Oeste'),
('V011', 'José García', 5.9, '2021-10-14', 1, 'Centro'),
('V012', 'Sofía Pérez', 6.8, '2018-07-18', 0, 'Norte'),
('V013', 'Óscar Sánchez', 7.1, '2019-04-21', 0, 'Sur'),
('V014', 'Natalia Moreno', 8.5, '2022-03-30', 1, 'Este'),
('V015', 'Fernando López', 6.0, '2020-08-11', 0, 'Oeste'),
('V016', 'Rosa Martínez', 6.9, '2021-02-15', 1, 'Centro'),
('V017', 'Juan Pérez', 5.7, '2019-11-25', 0, 'Norte'),
('V018', 'Julia Romero', 6.3, '2022-09-08', 0, 'Sur'),
('V019', 'Pedro Torres', 7.4, '2018-12-20', 1, 'Este'),
('V020', 'Elena López', 5.6, '2021-06-12', 0, 'Oeste'),
('M0006', 'Daniel Morales', 8.0, '2022-04-15', 0, 'Centro'),
('M0007', 'Verónica Gómez', 7.5, '2021-08-20', 1, 'Norte'),
('M0008', 'Andrés Ruiz', 9.0, '2020-11-05', 0, 'Sur'),
('M0009', 'Carmen Díaz', 6.5, '2019-07-30', 0, 'Este'),
('M0010', 'Luis Fernández', 8.5, '2022-03-10', 1, 'Oeste'),
('M0011', 'Natalia Jiménez', 7.0, '2021-06-25', 0, 'Centro'),
('M0012', 'Jorge Torres', 9.5, '2020-05-18', 1, 'Norte'),
('M0013', 'Laura Martínez', 8.0, '2019-12-01', 0, 'Sur'),
('M0014', 'Ricardo García', 7.5, '2022-01-22', 1, 'Este'),
('M0015', 'Isabel González', 8.5, '2021-10-12', 0, 'Oeste'),
('M0016', 'Fernando Castro', 6.0, '2020-02-15', 1, 'Centro'),
('M0017', 'Rosa Pérez', 9.0, '2022-07-05', 0, 'Norte'),
('M0018', 'Alberto Sánchez', 7.0, '2021-11-18', 1, 'Sur'),
('M0019', 'Beatriz López', 8.0, '2019-09-10', 0, 'Este'),
('M0020', 'Luis Miguel Álvarez', 7.5, '2020-06-30', 1, 'Oeste'),
('M0021', 'Paula Romero', 9.0, '2021-02-12', 0, 'Centro'),
('M0022', 'Oscar Martínez', 8.5, '2022-09-15', 1, 'Norte'),
('M0023', 'Sandra Moreno', 7.0, '2021-01-25', 0, 'Sur'),
('M0024', 'Gabriel Ortega', 6.5, '2019-08-05', 1, 'Este'),
('M0025', 'Alejandra Ruiz', 8.0, '2022-06-01', 0, 'Oeste'),
('M0026', 'Sergio Hernández', 7.5, '2021-07-30', 1, 'Centro'),
('M0027', 'Carla Jiménez', 9.0, '2020-11-10', 0, 'Norte'),
('M0028', 'Javier González', 8.5, '2019-05-20', 1, 'Sur'),
('M0029', 'Patricia Castro', 6.0, '2021-12-15', 0, 'Este'),
('M0030', 'David Fernández', 7.5, '2020-09-05', 1, 'Oeste'),
('M0031', 'Mónica García', 8.0, '2022-02-10', 0, 'Centro'),
('M0032', 'Tomás Díaz', 9.0, '2021-08-01', 1, 'Norte'),
('M0033', 'Nerea Romero', 7.5, '2019-10-25', 0, 'Sur'),
('M0034', 'Carlos López', 6.5, '2020-03-15', 1, 'Este'),
('M0035', 'Lucía Martínez', 8.5, '2021-11-30', 0, 'Oeste'),
('M0036', 'Joaquín Torres', 7.0, '2022-05-15', 1, 'Centro'),
('M0037', 'Silvia Pérez', 9.0, '2021-09-10', 0, 'Norte'),
('M0038', 'Raúl Sánchez', 8.0, '2020-01-22', 1, 'Sur'),
('M0039', 'Marta González', 7.5, '2019-06-05', 0, 'Este'),
('M0040', 'Enrique Fernández', 8.0, '2022-04-12', 1, 'Oeste'),
('M0041', 'María Jiménez', 6.5, '2021-10-30', 0, 'Centro'),
('M0042', 'Manuel Moreno', 9.0, '2020-08-15', 1, 'Norte'),
('M0043', 'Elena Martínez', 7.0, '2019-03-20', 0, 'Sur'),
('M0044', 'Miguel Ángel López', 8.5, '2022-01-05', 1, 'Este'),
('M0045', 'Ana Sánchez', 6.0, '2021-07-15', 0, 'Oeste'),
('M0046', 'Antonio Fernández', 7.5, '2020-12-10', 1, 'Centro'),
('M0047', 'Carmen Ruiz', 9.0, '2021-11-25', 0, 'Norte'),
('M0048', 'José Martínez', 8.0, '2019-05-30', 1, 'Sur'),
('M0049', 'Laura González', 7.0, '2022-08-01', 0, 'Este'),
('M0050', 'Ricardo Torres', 8.5, '2021-03-15', 1, 'Oeste');

INSERT INTO FACTURAS (DNI, MATRICULA, FECHA_VENTA, NUMERO, IMPUESTO) VALUES
('12345678901', 'V001', '2024-08-01', 1001, 1.00),
('23456789012', 'V002', '2024-08-02', 1002, 1.50),
('34567890123', 'V003', '2024-08-03', 1003, 1.20),
('45678901234', 'V004', '2024-08-04', 1004, 1.70),
('56789012345', 'V005', '2024-08-05', 1005, 1.60),
('67890123456', 'V006', '2024-08-06', 1006, 1.40),
('78901234567', 'V007', '2024-08-07', 1007, 1.30),
('89012345678', 'V008', '2024-08-08', 1008, 1.80),
('90123456789', 'V009', '2024-08-09', 1009, 1.90),
('01234567890', 'V010', '2024-08-10', 1010, 2.00),
('12345678012', 'V011', '2024-08-11', 1011, 1.50),
('23456789023', 'V012', '2024-08-12', 1012, 1.60),
('34567890134', 'V013', '2024-08-13', 1013, 1.70),
('45678901245', 'V014', '2024-08-14', 1014, 1.80),
('56789012356', 'V015', '2024-08-15', 1015, 1.90),
('67890123467', 'V016', '2024-08-16', 1016, 2.00),
('78901234578', 'V017', '2024-08-17', 1017, 1.40),
('89012345689', 'V018', '2024-08-18', 1018, 1.30),
('90123456790', 'V019', '2024-08-19', 1019, 1.60),
('01234567801', 'V020', '2024-08-20', 1020, 1.70),
('12345678901', 'M0006', '2024-01-10', 1001, 5.00),
('23456789012', 'M0007', '2024-01-11', 1002, 7.50),
('34567890123', 'M0008', '2024-01-12', 1003, 4.20),
('45678901234', 'M0009', '2024-01-13', 1004, 6.00),
('56789012345', 'M0010', '2024-01-14', 1005, 8.10),
('67890123456', 'M0011', '2024-01-15', 1006, 5.75),
('78901234567', 'M0012', '2024-01-16', 1007, 9.00),
('89012345678', 'M0013', '2024-01-17', 1008, 6.50),
('90123456789', 'M0014', '2024-01-18', 1009, 7.25),
('01234567890', 'M0015', '2024-01-19', 1010, 5.90),
('12345678902', 'M0016', '2024-01-20', 1011, 8.30),
('23456789023', 'M0017', '2024-01-21', 1012, 6.10),
('34567890134', 'M0018', '2024-01-22', 1013, 7.75),
('45678901245', 'M0019', '2024-01-23', 1014, 8.00),
('56789012356', 'M0020', '2024-01-24', 1015, 5.85),
('67890123467', 'M0021', '2024-01-25', 1016, 6.90),
('78901234578', 'M0022', '2024-01-26', 1017, 7.30),
('89012345689', 'M0023', '2024-01-27', 1018, 9.10),
('90123456790', 'M0024', '2024-01-28', 1019, 8.20),
('01234567891', 'M0025', '2024-01-29', 1020, 6.40),
('12345678903', 'M0026', '2024-01-30', 1021, 7.60),
('23456789034', 'M0027', '2024-02-01', 1022, 5.95),
('34567890145', 'M0028', '2024-02-02', 1023, 8.15),
('45678901256', 'M0029', '2024-02-03', 1024, 7.85),
('56789012367', 'M0030', '2024-02-04', 1025, 6.20),
('67890123478', 'M0031', '2024-02-05', 1026, 8.40),
('78901234589', 'M0032', '2024-02-06', 1027, 9.30),
('89012345690', 'M0033', '2024-02-07', 1028, 5.80),
('90123456701', 'M0034', '2024-02-08', 1029, 6.70),
('01234567892', 'M0035', '2024-02-09', 1030, 7.15),
('12345678904', 'M0036', '2024-02-10', 1031, 8.05),
('23456789045', 'M0037', '2024-02-11', 1032, 9.00),
('34567890156', 'M0038', '2024-02-12', 1033, 5.60),
('45678901267', 'M0039', '2024-02-13', 1034, 6.50),
('56789012378', 'M0040', '2024-02-14', 1035, 7.20),
('67890123489', 'M0041', '2024-02-15', 1036, 8.25),
('78901234590', 'M0042', '2024-02-16', 1037, 6.80),
('89012345601', 'M0043', '2024-02-17', 1038, 7.35),
('90123456712', 'M0044', '2024-02-18', 1039, 8.15),
('01234567893', 'M0045', '2024-02-19', 1040, 5.90),
('12345678905', 'M0046', '2024-02-20', 1041, 6.60),
('23456789056', 'M0047', '2024-02-21', 1042, 7.10),
('34567890167', 'M0048', '2024-02-22', 1043, 8.00),
('45678901278', 'M0049', '2024-02-23', 1044, 9.20),
('56789012389', 'M0050', '2024-02-24', 1045, 6.30),
('67890123490', 'M0051', '2024-02-25', 1046, 7.00),
('78901234501', 'M0052', '2024-02-26', 1047, 8.10),
('89012345612', 'M0053', '2024-02-27', 1048, 5.95),
('90123456723', 'M0054', '2024-02-28', 1049, 6.75),
('01234567894', 'M0055', '2024-03-01', 1050, 7.60);

INSERT INTO ITEMS_FACTURAS (NUMERO, CODIGO_DEL_PRODUCTO, CANTIDAD, PRECIO) VALUES
(1001, 'P0001', 2, 20.00),
(1001, 'P0002', 1, 12.50),
(1002, 'P0003', 3, 24.00),
(1002, 'P0004', 2, 19.00),
(1003, 'P0005', 1, 11.00),
(1003, 'P0006', 4, 52.00),
(1004, 'P0007', 2, 28.00),
(1004, 'P0008', 1, 7.50),
(1005, 'P0009', 3, 36.00),
(1005, 'P0010', 1, 15.00),
(1006, 'P0011', 2, 17.00),
(1006, 'P0012', 1, 10.00),
(1007, 'P0013', 4, 46.00),
(1007, 'P0014', 2, 24.00),
(1008, 'P0015', 1, 13.50),
(1008, 'P0016', 3, 21.00),
(1009, 'P0017', 2, 18.00),
(1009, 'P0018', 1, 14.50),
(1010, 'P0019', 5, 38.75),
(1010, 'P0020', 2, 21.00),
(1011, 'P0001', 3, 30.00),
(1011, 'P0006', 1, 13.00),
(1012, 'P0002', 2, 25.00),
(1012, 'P0005', 3, 33.00),
(1013, 'P0004', 2, 19.00),
(1013, 'P0007', 1, 14.00),
(1014, 'P0008', 1, 7.50),
(1014, 'P0010', 2, 30.00),
(1015, 'P0011', 2, 17.00),
(1015, 'P0012', 1, 10.00),
(1016, 'P0013', 3, 34.50),
(1016, 'P0014', 1, 12.00),
(1017, 'P0015', 2, 27.00),
(1017, 'P0016', 1, 7.00),
(1018, 'P0017', 1, 18.00),
(1018, 'P0018', 2, 29.00),
(1019, 'P0019', 3, 36.75),
(1019, 'P0020', 2, 21.00),
(1020, 'P0003', 4, 32.00),
(1020, 'P0004', 1, 9.50),
(1021, 'P0021', 3, 14.00),
(1021, 'P0022', 2, 11.50),
(1022, 'P0023', 1, 15.00),
(1022, 'P0024', 4, 10.25),
(1023, 'P0025', 2, 12.00),
(1023, 'P0026', 3, 9.75),
(1024, 'P0027', 4, 16.00),
(1024, 'P0028', 1, 14.50),
(1025, 'P0029', 3, 11.20),
(1025, 'P0030', 2, 13.00),
(1026, 'P0031', 2, 18.00),
(1026, 'P0032', 3, 15.50),
(1027, 'P0033', 1, 20.00),
(1027, 'P0034', 2, 12.75),
(1028, 'P0035', 4, 17.20),
(1028, 'P0036', 1, 8.50),
(1029, 'P0037', 3, 14.00),
(1029, 'P0038', 2, 10.90),
(1030, 'P0039', 1, 12.00),
(1030, 'P0040', 2, 11.50),
(1031, 'P0003', 2, 18.00),
(1031, 'P0002', 4, 20.50),
(1032, 'P0003', 1, 17.00),
(1032, 'P0004', 3, 14.00),
(1033, 'P0005', 2, 16.50),
(1033, 'P0006', 1, 13.00),
(1034, 'P0007', 3, 12.75),
(1034, 'P0008', 2, 7.00),
(1035, 'P0009', 4, 15.00),
(1035, 'P0010', 1, 19.00),
(1036, 'P0011', 2, 14.00),
(1036, 'P0012', 1, 11.50),
(1037, 'P0013', 4, 13.00),
(1037, 'P0014', 2, 24.00),
(1038, 'P0015', 3, 18.50),
(1038, 'P0016', 1, 7.75),
(1039, 'P0017', 2, 22.00),
(1039, 'P0018', 3, 29.00),
(1040, 'P0019', 1, 20.00),
(1040, 'P0020', 2, 15.50),
(1041, 'P0021', 3, 18.00),
(1041, 'P0022', 1, 12.00),
(1042, 'P0023', 2, 16.50),
(1042, 'P0024', 3, 14.00),
(1043, 'P0025', 1, 19.00),
(1043, 'P0026', 2, 13.50),
(1044, 'P0027', 4, 21.00),
(1044, 'P0028', 1, 11.00),
(1045, 'P0029', 3, 17.00),
(1045, 'P0030', 2, 10.50),
(1046, 'P0031', 2, 20.00),
(1046, 'P0032', 1, 12.75),
(1047, 'P0033', 3, 22.50),
(1047, 'P0034', 1, 9.00),
(1048, 'P0035', 2, 14.00),
(1048, 'P0036', 4, 16.50),
(1049, 'P0037', 1, 11.20),
(1049, 'P0038', 2, 13.00),
(1050, 'P0039', 3, 18.00),
(1050, 'P0040', 1, 10.50);
